Date,Close,Volume
7/19/2010,41.40,2586400
7/20/2010,41.96,3489900
7/21/2010,41.26,2677800
7/22/2010,42.22,3617700
7/23/2010,42.41,3072100
7/26/2010,42.60,1919900
7/27/2010,43.27,4714900
7/28/2010,42.98,2603400
7/29/2010,41.69,4871600
7/30/2010,41.99,3631800
8/2/2010,43.20,3259900
8/3/2010,43.12,3212100
8/4/2010,43.50,2876200
8/5/2010,43.55,1874400
8/6/2010,43.67,2579900
8/9/2010,44.03,1875400
8/10/2010,44.18,3428100
8/11/2010,43.71,2985900
8/12/2010,43.80,3385400
8/13/2010,43.91,2449000
8/16/2010,44.03,2531500
8/17/2010,44.71,3647500
8/18/2010,44.11,3720200
8/19/2010,43.67,4790400
8/20/2010,43.93,3551500
8/23/2010,44.35,2700200
8/24/2010,44.41,4093000
8/25/2010,43.15,6411400
8/26/2010,42.76,4235300
8/27/2010,43.42,3447900
8/30/2010,42.69,1667000
8/31/2010,42.73,3668800
9/1/2010,43.86,2928800
9/2/2010,43.58,2037000
9/3/2010,43.99,2347000
9/7/2010,43.82,1578000
9/8/2010,43.73,1759800
9/9/2010,43.94,1672100
9/10/2010,43.29,3491500
9/13/2010,43.92,2870600
9/14/2010,44.03,5438400
9/15/2010,43.48,4369800
9/16/2010,43.59,5960900
9/17/2010,43.42,3858400
9/20/2010,44.29,3361900
9/21/2010,44.11,3214900
9/22/2010,44.21,2268500
9/23/2010,43.42,2870600
9/24/2010,44.23,2452500
9/27/2010,44.26,2752300
9/28/2010,44.19,2629700
9/29/2010,43.95,2524600
9/30/2010,43.66,2600600
10/1/2010,44.03,2704400
10/4/2010,43.89,2070900
10/5/2010,44.58,2760700
10/6/2010,44.49,2530400
10/7/2010,44.51,1742100
10/8/2010,44.68,1425300
10/11/2010,44.69,1289200
10/12/2010,44.32,1923800
10/13/2010,44.55,2788300
10/14/2010,44.63,1837900
10/15/2010,44.54,3095300
10/18/2010,44.92,3120200
10/19/2010,44.50,3133000
10/20/2010,44.70,2980600
10/21/2010,44.74,3304100
10/22/2010,44.51,3310200
10/25/2010,44.46,2129200
10/26/2010,44.04,3244500
10/27/2010,43.82,2850800
10/28/2010,43.95,2675400
10/29/2010,43.46,3370900
11/1/2010,42.49,5348400
11/2/2010,42.82,2075900
11/3/2010,42.87,2059900
11/4/2010,43.53,2843400
11/5/2010,43.50,2374500
11/8/2010,43.09,2022100
11/9/2010,43.07,2014300
11/10/2010,42.98,1933000
11/11/2010,42.84,1658300
11/12/2010,42.86,2148900
11/15/2010,43.12,2464700
11/16/2010,42.79,3843800
11/17/2010,42.45,2560200
11/18/2010,42.80,7885200
11/19/2010,42.76,7915800
11/22/2010,43.01,7714000
11/23/2010,42.49,2552600
11/24/2010,42.03,2465700
11/26/2010,41.84,848300
11/29/2010,41.61,1956900
11/30/2010,41.53,2971700
12/1/2010,42.05,1942100
12/2/2010,42.10,1678800
12/3/2010,42.42,2237800
12/6/2010,42.04,1824700
12/7/2010,41.90,2280300
12/8/2010,41.83,1891500
12/9/2010,41.77,2649200
12/10/2010,41.62,3943700
12/13/2010,42.05,2640600
12/14/2010,42.00,2278800
12/15/2010,41.72,1950100
12/16/2010,42.31,2303900
12/17/2010,42.57,7026500
12/20/2010,42.93,3792900
12/21/2010,42.96,2214800
12/22/2010,42.92,1755300
12/23/2010,42.96,1079200
12/27/2010,42.89,908000
12/28/2010,42.92,1458500
12/29/2010,42.94,1155300
12/30/2010,42.90,1181200
12/31/2010,42.72,1235500
1/3/2011,42.75,1793000
1/4/2011,43.14,2339700
1/5/2011,43.03,1621100
1/6/2011,43.19,1748000
1/7/2011,43.23,1988300
1/10/2011,42.44,3736000
1/11/2011,42.33,2106400
1/12/2011,42.26,1812400
1/13/2011,42.61,1845500
1/14/2011,42.98,3749100
1/18/2011,42.98,1661300
1/19/2011,42.97,1863200
1/20/2011,43.37,2008500
1/21/2011,43.35,1599200
1/24/2011,43.58,1311200
1/25/2011,43.57,1773100
1/26/2011,43.55,1358900
1/27/2011,43.79,2142000
1/28/2011,43.39,2942200
1/31/2011,43.54,1936300
2/1/2011,43.78,1644200
2/2/2011,43.51,2075700
2/3/2011,43.69,6894900
2/4/2011,43.61,6684600
2/7/2011,43.42,7921600
2/8/2011,43.54,1888900
2/9/2011,43.54,2155200
2/10/2011,43.90,2045800
2/11/2011,44.12,2632800
2/14/2011,43.68,2201900
2/15/2011,43.74,1767800
2/16/2011,44.09,2286500
2/17/2011,44.18,2278100
2/18/2011,44.37,2286300
2/22/2011,44.29,1909100
2/23/2011,44.64,4229100
2/24/2011,44.74,3519800
2/25/2011,45.00,1856900
2/28/2011,45.63,3514600
3/1/2011,45.57,3737500
3/2/2011,44.79,2803600
3/3/2011,45.53,2179900
3/4/2011,45.54,2596000
3/7/2011,45.42,2879000
3/8/2011,46.14,3016700
3/9/2011,46.34,2799300
3/10/2011,45.66,3103600
3/11/2011,45.51,4399700
3/14/2011,45.16,3397000
3/15/2011,44.73,4011200
3/16/2011,43.72,4672100
3/17/2011,43.61,3745200
3/18/2011,43.78,3483900
3/21/2011,44.49,2140100
3/22/2011,44.43,3248800
3/23/2011,44.08,2253900
3/24/2011,44.41,2087100
3/25/2011,44.54,1549000
3/28/2011,44.23,2022900
3/29/2011,44.55,2240300
3/30/2011,45.17,1856800
3/31/2011,44.70,2336900
4/1/2011,44.70,2496700
4/4/2011,44.92,1410300
4/5/2011,44.77,2221900
4/6/2011,45.03,1760900
4/7/2011,44.95,1998100
4/8/2011,44.82,2018200
4/11/2011,43.98,3204700
4/12/2011,43.60,3037100
4/13/2011,43.55,2137700
4/14/2011,44.03,2064100
4/15/2011,44.47,2400100
4/18/2011,44.10,2399300
4/19/2011,44.31,2364400
4/20/2011,44.48,2722100
4/21/2011,44.75,1549700
4/25/2011,45.09,1848800
4/26/2011,45.75,2792100
4/27/2011,46.06,2276400
4/28/2011,46.33,1753300
4/29/2011,46.42,1789900
5/2/2011,46.54,2104500
5/3/2011,46.73,3518300
5/4/2011,47.02,2680400
5/5/2011,46.54,2324400
5/6/2011,46.92,2271100
5/9/2011,47.01,1557000
5/10/2011,47.64,2001700
5/11/2011,47.65,2509300
5/12/2011,48.15,1636600
5/13/2011,47.99,1868700
5/16/2011,47.87,1597500
5/17/2011,48.33,2190300
5/18/2011,47.97,2118800
5/19/2011,48.20,1733100
5/20/2011,48.28,2161400
5/23/2011,47.94,1610800
5/24/2011,47.91,2242700
5/25/2011,47.18,2854700
5/26/2011,47.34,1963400
5/27/2011,47.23,1697200
5/31/2011,47.72,2806600
6/1/2011,47.12,2077100
6/2/2011,47.27,3116600
6/3/2011,47.15,2793300
6/6/2011,46.90,2555900
6/7/2011,47.40,2794000
6/8/2011,47.69,2731100
6/9/2011,47.98,2650300
6/10/2011,47.53,3286000
6/13/2011,47.83,2923400
6/14/2011,47.69,2034700
6/15/2011,47.10,2371500
6/16/2011,47.26,2839600
6/17/2011,47.66,2937000
6/20/2011,48.16,2287100
6/21/2011,48.23,2227500
6/22/2011,47.76,1868300
6/23/2011,47.14,2713600
6/24/2011,47.25,3248500
6/27/2011,47.70,1278500
6/28/2011,47.80,1261300
6/29/2011,48.10,2160200
6/30/2011,48.27,1786800
7/1/2011,48.99,1558400
7/5/2011,48.61,1850400
7/6/2011,48.90,1588200
7/7/2011,48.96,2275200
7/8/2011,48.63,1473300
7/11/2011,48.11,1476800
7/12/2011,48.36,1610900
7/13/2011,48.28,1325200
7/14/2011,48.17,1561900
7/15/2011,48.46,1739800
7/18/2011,48.00,1460400
7/19/2011,48.69,1698400
7/20/2011,49.26,2094300
7/21/2011,50.00,2742900
7/22/2011,49.78,1678700
7/25/2011,49.57,2238400
7/26/2011,49.30,1997200
7/27/2011,49.05,3059000
7/28/2011,48.99,2609600
7/29/2011,48.45,2956900
8/1/2011,48.59,2015700
8/2/2011,48.10,2574700
8/3/2011,48.66,3031200
8/4/2011,47.77,5144900
8/5/2011,48.59,5807000
8/8/2011,45.94,7149900
8/9/2011,46.77,6987400
8/10/2011,46.36,4759600
8/11/2011,48.03,9918500
8/12/2011,47.71,8429200
8/15/2011,49.68,9296700
8/16/2011,49.69,2582000
8/17/2011,50.12,2596800
8/18/2011,49.08,4235900
8/19/2011,47.99,5753500
8/22/2011,48.25,3751600
8/23/2011,49.10,7553600
8/24/2011,49.58,4642600
8/25/2011,48.94,3253700
8/26/2011,48.46,3842400
8/29/2011,48.97,3194700
8/30/2011,48.75,4027000
8/31/2011,48.74,4204100
9/1/2011,48.59,4089900
9/2/2011,47.98,3529100
9/6/2011,47.89,4324600
9/7/2011,48.20,3711600
9/8/2011,48.15,3114700
9/9/2011,47.19,3794500
9/12/2011,47.47,2861700
9/13/2011,47.78,2431000
9/14/2011,48.54,2981400
9/15/2011,49.46,2743300
9/16/2011,49.84,3504300
9/19/2011,49.74,2047000
9/20/2011,50.60,3964200
9/21/2011,49.89,2797400
9/22/2011,49.31,4653400
9/23/2011,49.99,3782800
9/26/2011,50.78,3600600
9/27/2011,50.93,3434500
9/28/2011,50.42,3377500
9/29/2011,51.25,3082400
9/30/2011,50.77,2855700
10/3/2011,49.84,3223700
10/4/2011,49.18,5300000
10/5/2011,49.51,4422300
10/6/2011,50.00,2160800
10/7/2011,50.27,2364400
10/10/2011,51.20,1886300
10/11/2011,50.58,2233500
10/12/2011,50.17,2798600
10/13/2011,50.04,2987100
10/14/2011,50.49,2921800
10/17/2011,50.02,2612000
10/18/2011,50.47,3117700
10/19/2011,50.96,1984700
10/20/2011,51.04,2207300
10/21/2011,52.07,2369000
10/24/2011,51.40,2530900
10/25/2011,50.70,2038700
10/26/2011,51.15,2747700
10/27/2011,52.01,3230500
10/28/2011,51.37,3704800
10/31/2011,51.59,2670900
11/1/2011,50.40,3098100
11/2/2011,51.23,1924500
11/3/2011,51.70,2358200
11/4/2011,51.56,2390100
11/7/2011,52.45,2469000
11/8/2011,52.64,2271600
11/9/2011,51.28,2678900
11/10/2011,51.35,2512900
11/11/2011,52.06,2065900
11/14/2011,51.73,1511900
11/15/2011,51.56,4836800
11/16/2011,51.02,2011000
11/17/2011,50.84,2709100
11/18/2011,51.04,2817600
11/21/2011,50.66,9227000
11/22/2011,50.04,2301600
11/23/2011,49.31,1971100
11/25/2011,49.51,993500
11/28/2011,50.11,1925800
11/29/2011,50.85,2012400
11/30/2011,51.62,3367900
12/1/2011,51.35,2876500
12/2/2011,50.56,2608400
12/5/2011,50.50,2996600
12/6/2011,50.34,3866000
12/7/2011,50.50,3077500
12/8/2011,50.14,2515800
12/9/2011,50.77,1776900
12/12/2011,50.31,2218500
12/13/2011,50.48,2463300
12/14/2011,50.18,2088000
12/15/2011,50.78,2216300
12/16/2011,50.65,3954500
12/19/2011,50.36,2592100
12/20/2011,52.12,4715100
12/21/2011,52.79,3269900
12/22/2011,52.72,1867200
12/23/2011,52.95,1604900
12/27/2011,53.43,1108900
12/28/2011,53.08,1439000
12/29/2011,53.53,1335100
12/30/2011,53.08,1254500
1/3/2012,52.50,2668500
1/4/2012,52.07,2023800
1/5/2012,51.96,2842600
1/6/2012,51.43,5577700
1/9/2012,51.36,2374400
1/10/2012,51.29,2143400
1/11/2012,51.17,1819500
1/12/2012,50.93,2048500
1/13/2012,50.60,3012800
1/17/2012,50.80,2588200
1/18/2012,50.43,2355100
1/19/2012,50.30,1990400
1/20/2012,50.57,2244500
1/23/2012,50.48,3427000
1/24/2012,50.31,1763100
1/25/2012,51.11,2768300
1/26/2012,50.85,2986500
1/27/2012,49.56,6158000
1/30/2012,49.34,4842300
1/31/2012,50.04,4530300
2/1/2012,50.42,3834200
2/2/2012,50.51,2566700
2/3/2012,50.38,2781800
2/6/2012,50.27,1386400
2/7/2012,50.42,2188000
2/8/2012,50.20,1933800
2/9/2012,49.86,2808800
2/10/2012,49.91,1432700
2/13/2012,49.93,1854700
2/14/2012,50.23,2266600
2/15/2012,50.08,2037500
2/16/2012,50.42,1841000
2/17/2012,50.57,2198500
2/21/2012,50.14,3037500
2/22/2012,50.47,1821700
2/23/2012,50.94,8797300
2/24/2012,51.32,8602700
2/27/2012,51.41,11687600
2/28/2012,51.25,2443500
2/29/2012,50.47,2497800
3/1/2012,50.41,2473400
3/2/2012,50.52,1782500
3/5/2012,50.82,1513900
3/6/2012,50.52,1674100
3/7/2012,50.49,1616200
3/8/2012,50.60,1367200
3/9/2012,50.76,1728400
3/12/2012,51.33,2355000
3/13/2012,51.36,1900200
3/14/2012,50.55,2584500
3/15/2012,50.48,2206900
3/16/2012,50.32,2834300
3/19/2012,50.26,1644700
3/20/2012,50.64,2340200
3/21/2012,50.46,1462600
3/22/2012,50.42,2416300
3/23/2012,50.28,1914100
3/26/2012,50.71,1697100
3/27/2012,51.01,1869300
3/28/2012,50.69,1779100
3/29/2012,50.78,1495400
3/30/2012,51.21,2285400
4/2/2012,51.50,2015200
4/3/2012,51.54,2416400
4/4/2012,51.59,2122500
4/5/2012,51.38,2166500
4/9/2012,50.90,2213000
4/10/2012,50.20,2680100
4/11/2012,50.17,2480200
4/12/2012,50.30,2517200
4/13/2012,50.28,4782500
4/16/2012,50.74,2527400
4/17/2012,50.99,2152500
4/18/2012,50.62,1954300
4/19/2012,50.54,2178000
4/20/2012,51.02,2740000
4/23/2012,50.85,1540900
4/24/2012,50.81,3460400
4/25/2012,51.24,3148200
4/26/2012,51.89,3622800
4/27/2012,52.07,3623800
4/30/2012,52.19,2384900
5/1/2012,52.44,1727700
5/2/2012,52.11,1620000
5/3/2012,51.92,1487800
5/4/2012,51.99,1585700
5/7/2012,51.87,1281500
5/8/2012,51.96,1378700
5/9/2012,51.67,1639400
5/10/2012,52.11,1123400
5/11/2012,52.22,1545900
5/14/2012,52.27,1810300
5/15/2012,52.30,1918600
5/16/2012,52.51,1873400
5/17/2012,51.89,1792600
5/18/2012,52.29,2827300
5/21/2012,52.23,2103900
5/22/2012,52.47,1720900
5/23/2012,52.21,2352400
5/24/2012,52.50,7291900
5/25/2012,52.55,7568400
5/29/2012,52.50,7039700
5/30/2012,51.86,2340200
5/31/2012,52.06,1945400
6/1/2012,51.63,2303000
6/4/2012,51.53,1843500
6/5/2012,51.47,2582600
6/6/2012,52.25,2473000
6/7/2012,52.74,2942100
6/8/2012,53.23,2563000
6/11/2012,52.81,2033200
6/12/2012,52.83,2644000
6/13/2012,53.05,1616400
6/14/2012,53.72,2813700
6/15/2012,53.78,2886200
6/18/2012,54.29,2134000
6/19/2012,54.38,2469600
6/20/2012,54.17,2951700
6/21/2012,53.68,1899600
6/22/2012,53.61,2577300
6/25/2012,53.34,1779700
6/26/2012,53.37,1768900
6/27/2012,53.92,1162600
6/28/2012,53.77,1651200
6/29/2012,54.00,2330100
7/2/2012,54.39,1557300
7/3/2012,54.23,889900
7/5/2012,53.78,1460900
7/6/2012,53.83,1205500
7/9/2012,53.77,1179700
7/10/2012,53.70,1450600
7/11/2012,54.04,1143400
7/12/2012,53.70,1510300
7/13/2012,54.19,1876000
7/16/2012,54.19,1062400
7/17/2012,54.23,1147000
7/18/2012,54.37,947700
7/19/2012,54.19,1565600
7/20/2012,53.96,2039700
7/23/2012,53.50,1416400
7/24/2012,53.01,1702300
7/25/2012,53.29,1792400
7/26/2012,54.13,1773800
7/27/2012,54.97,1950400
7/30/2012,54.92,1599300
7/31/2012,54.31,2384100
8/1/2012,54.01,2175900
8/2/2012,53.81,1874700
8/3/2012,54.41,1579500
8/6/2012,54.33,1363500
8/7/2012,53.98,2377500
8/8/2012,53.67,1514100
8/9/2012,53.63,1380400
8/10/2012,53.72,1381000
8/13/2012,53.45,1251500
8/14/2012,53.50,1546000
8/15/2012,53.81,1413400
8/16/2012,53.95,5901700
8/17/2012,53.92,1628900
8/20/2012,54.12,1339500
8/21/2012,53.80,1565000
8/22/2012,53.61,1647400
8/23/2012,53.14,1432500
8/24/2012,53.49,1261500
8/27/2012,54.05,2514900
8/28/2012,53.95,2020500
8/29/2012,52.97,1610800
8/30/2012,52.52,1267000
8/31/2012,52.48,1585900
9/4/2012,52.51,1872400
9/5/2012,52.50,1524000
9/6/2012,53.77,2460800
9/7/2012,53.16,2011800
9/10/2012,53.28,1242700
9/11/2012,52.94,1253700
9/12/2012,52.76,1409300
9/13/2012,53.59,1852400
9/14/2012,52.82,2169700
9/17/2012,52.61,1566700
9/18/2012,52.25,1532900
9/19/2012,52.36,1453700
9/20/2012,52.72,1715600
9/21/2012,52.70,2667600
9/24/2012,53.11,1300400
9/25/2012,52.65,2156800
9/26/2012,52.89,2075900
9/27/2012,52.81,2061300
9/28/2012,52.94,2392300
10/1/2012,52.81,1548000
10/2/2012,53.23,1439700
10/3/2012,53.33,1627400
10/4/2012,53.38,1912000
10/5/2012,53.26,2764200
10/8/2012,53.03,2309500
10/9/2012,52.82,1997200
10/10/2012,53.22,2261100
10/11/2012,53.03,1328000
10/12/2012,52.68,1558100
10/15/2012,52.76,1346300
10/16/2012,52.66,1504700
10/17/2012,53.35,1432600
10/18/2012,53.58,1630300
10/19/2012,53.51,2206600
10/22/2012,52.96,1688000
10/23/2012,52.69,1909500
10/24/2012,52.45,1700200
10/25/2012,51.95,4925200
10/26/2012,52.07,2752100
10/31/2012,52.78,2744600
11/1/2012,52.02,3493800
11/2/2012,51.70,2311700
11/5/2012,50.93,1990100
11/6/2012,50.97,1626400
11/7/2012,49.86,2457800
11/8/2012,49.43,2502200
11/9/2012,49.33,2232400
11/12/2012,49.19,2088500
11/13/2012,50.21,4078000
11/14/2012,49.89,2832900
11/15/2012,49.68,2417900
11/16/2012,50.15,2409800
11/19/2012,50.28,2497300
11/20/2012,50.34,2031700
11/21/2012,50.16,2003800
11/23/2012,50.12,1053900
11/26/2012,50.65,1798300
11/27/2012,50.54,2800500
11/28/2012,50.43,2865900
11/29/2012,50.67,2296900
11/30/2012,51.11,2853500
12/3/2012,50.75,2372600
12/4/2012,50.40,1729500
12/5/2012,51.73,3365300
12/6/2012,51.54,2036100
12/7/2012,51.69,1713800
12/10/2012,51.59,1338700
12/11/2012,51.60,1616500
12/12/2012,51.56,1969300
12/13/2012,51.34,1196500
12/14/2012,51.19,1609400
12/17/2012,51.96,1931900
12/18/2012,52.23,2197400
12/19/2012,51.80,2017000
12/20/2012,52.20,2170700
12/21/2012,51.94,4139800
12/24/2012,51.94,953900
12/26/2012,51.71,1828800
12/27/2012,51.62,2493400
12/28/2012,51.08,1696300
12/31/2012,51.80,2152700
1/2/2013,52.92,2330900
1/3/2013,52.98,1540700
1/4/2013,53.54,2881100
1/7/2013,52.66,2076600
1/8/2013,52.37,1911500
1/9/2013,52.20,1643900
1/10/2013,52.22,2484000
1/11/2013,52.43,2290900
1/14/2013,52.39,1237300
1/15/2013,52.53,1840000
1/16/2013,52.40,2380200
1/17/2013,52.41,1538800
1/18/2013,52.92,2425700
1/22/2013,53.29,1481500
1/23/2013,53.36,2047600
1/24/2013,53.79,1418200
1/25/2013,53.88,1674500
1/28/2013,53.75,1332300
1/29/2013,54.36,2273500
1/30/2013,54.52,2083500
1/31/2013,54.11,3246600
2/1/2013,54.17,1791400
2/4/2013,54.07,1770300
2/5/2013,54.31,1561200
2/6/2013,54.35,1536300
2/7/2013,54.31,1484900
2/8/2013,54.31,1265700
2/11/2013,54.33,951100
2/12/2013,54.63,1564900
2/13/2013,54.69,1481500
2/14/2013,54.47,2418700
2/15/2013,54.92,3188200
2/19/2013,55.59,2812700
2/20/2013,55.89,2417000
2/21/2013,55.70,1973500
2/22/2013,56.38,1356400
2/25/2013,55.71,3328200
2/26/2013,55.28,2497200
2/27/2013,55.81,1812800
2/28/2013,56.00,2527200
3/1/2013,56.42,2239700
3/4/2013,56.41,3792700
3/5/2013,56.51,2731700
3/6/2013,56.46,1718100
3/7/2013,55.87,2064500
3/8/2013,55.87,2671700
3/11/2013,56.30,1681400
3/12/2013,56.02,1154100
3/13/2013,56.34,1922500
3/14/2013,56.35,2076200
3/15/2013,56.79,4006900
3/18/2013,56.43,1380500
3/19/2013,56.74,1683800
3/20/2013,57.20,2168700
3/21/2013,56.92,2032500
3/22/2013,56.77,1901400
3/25/2013,56.86,2199100
3/26/2013,57.59,1960700
3/27/2013,57.53,1423000
3/28/2013,58.18,1832300
4/1/2013,58.19,1124300
4/2/2013,58.62,1525500
4/3/2013,58.75,2210500
4/4/2013,59.49,2275900
4/5/2013,59.63,2656500
4/8/2013,60.07,1257600
4/9/2013,59.85,1891600
4/10/2013,60.17,2514100
4/11/2013,59.99,2910300
4/12/2013,60.12,3001600
4/15/2013,59.27,1915200
4/16/2013,59.82,1535100
4/17/2013,59.33,1723200
4/18/2013,59.80,1889200
4/19/2013,61.07,2953200
4/22/2013,60.96,1628500
4/23/2013,61.01,1271800
4/24/2013,61.12,1320200
4/25/2013,60.75,2704200
4/26/2013,61.01,1641700
4/29/2013,61.21,1672400
4/30/2013,61.68,2092200
5/1/2013,61.14,1476600
5/2/2013,61.11,1681800
5/3/2013,60.91,2238200
5/6/2013,60.47,1674800
5/7/2013,60.93,1788600
5/8/2013,60.50,1446500
5/9/2013,59.45,2806000
5/10/2013,59.75,1724900
5/13/2013,59.69,1711400
5/14/2013,60.46,2328700
5/15/2013,60.66,2092000
5/16/2013,60.38,1650500
5/17/2013,61.17,2057700
5/20/2013,60.75,1371900
5/21/2013,60.69,1587900
5/22/2013,59.26,3058200
5/23/2013,58.95,7343600
5/24/2013,57.62,7056700
5/28/2013,57.73,7417900
5/29/2013,57.07,2501700
5/30/2013,57.09,2232100
5/31/2013,56.55,3128100
6/3/2013,55.55,7373200
6/4/2013,55.66,8605900
6/5/2013,54.56,4126600
6/6/2013,55.30,4995300
6/7/2013,55.64,3467900
6/10/2013,55.79,2991600
6/11/2013,55.33,3548400
6/12/2013,55.32,3487900
6/13/2013,56.40,3287300
6/14/2013,56.04,2647300
6/17/2013,56.73,3510200
6/18/2013,57.00,2406400
6/19/2013,55.74,3284600
6/20/2013,54.24,3794500
6/21/2013,55.01,4858000
6/24/2013,55.20,3387700
6/25/2013,55.87,3054200
6/26/2013,56.29,2495000
6/27/2013,56.48,2011900
6/28/2013,56.82,4228700
7/1/2013,56.24,2787300
7/2/2013,56.38,2353200
7/3/2013,56.34,1048400
7/5/2013,56.25,2144800
7/8/2013,56.88,2381500
7/9/2013,57.34,1914600
7/10/2013,57.39,2476700
7/11/2013,58.56,2114400
7/12/2013,58.80,1931300
7/15/2013,59.72,2096000
7/16/2013,59.44,1451200
7/17/2013,59.48,1572200
7/18/2013,60.16,1991800
7/19/2013,59.68,2559600
7/22/2013,59.79,1193800
7/23/2013,59.86,1198700
7/24/2013,58.85,2348200
7/25/2013,59.36,2263100
7/26/2013,59.52,2209800
7/29/2013,59.36,1819800
7/30/2013,59.40,2785400
7/31/2013,59.31,2966400
8/1/2013,59.44,2532300
8/2/2013,59.43,2237800
8/5/2013,59.60,2554500
8/6/2013,59.32,2711300
8/7/2013,59.87,2901300
8/8/2013,60.29,3037900
8/9/2013,60.33,2498200
8/12/2013,60.07,2277000
8/13/2013,60.25,3826200
8/14/2013,58.86,2703900
8/15/2013,57.91,2280300
8/16/2013,57.44,2850300
8/19/2013,57.38,2658900
8/20/2013,57.88,2775400
8/21/2013,57.29,2463800
8/22/2013,57.76,6963700
8/23/2013,58.86,7678300
8/26/2013,58.34,2035500
8/27/2013,58.51,2352600
8/28/2013,58.74,1648800
8/29/2013,58.53,1592600
8/30/2013,58.35,1698100
9/3/2013,57.78,1881800
9/4/2013,57.62,2861500
9/5/2013,57.51,2220900
9/6/2013,57.53,2313300
9/9/2013,58.02,2364400
9/10/2013,58.41,2502500
9/11/2013,58.61,4980000
9/12/2013,59.78,7915800
9/13/2013,61.28,4241600
9/16/2013,61.11,3667400
9/17/2013,61.75,2839800
9/18/2013,63.39,3471200
9/19/2013,63.21,2394400
9/20/2013,62.27,4126200
9/23/2013,62.64,3349000
9/24/2013,62.45,2714100
9/25/2013,62.42,2708400
9/26/2013,62.81,1560700
9/27/2013,62.43,1673800
9/30/2013,62.48,2847300
10/1/2013,62.51,3267400
10/2/2013,62.34,3059600
10/3/2013,61.96,2243600
10/4/2013,62.22,1526400
10/7/2013,61.65,1008600
10/8/2013,61.61,1878000
10/9/2013,61.51,3198100
10/10/2013,62.59,2379000
10/11/2013,62.95,1577100
10/14/2013,62.61,2180800
10/15/2013,61.80,1799400
10/16/2013,63.17,2414500
10/17/2013,63.85,2243300
10/18/2013,63.68,2331600
10/21/2013,63.62,1587600
10/22/2013,64.35,2111500
10/23/2013,64.23,1940700
10/24/2013,64.16,1151800
10/25/2013,64.66,1793800
10/28/2013,64.34,2149000
10/29/2013,64.70,1499100
10/30/2013,64.03,1561400
10/31/2013,63.75,1812900
11/1/2013,64.09,1881900
11/4/2013,63.99,2513200
11/5/2013,64.57,3635200
11/6/2013,66.03,3075900
11/7/2013,65.34,2786400
11/8/2013,65.41,3464300
11/11/2013,65.88,1990500
11/12/2013,65.65,2080400
11/13/2013,66.33,3555000
11/14/2013,67.06,1961700
11/15/2013,67.52,2078500
11/18/2013,67.80,2442000
11/19/2013,67.72,2120700
11/20/2013,66.63,2505100
11/21/2013,66.74,6287700
11/22/2013,66.62,8747500
11/25/2013,66.35,9847400
11/26/2013,65.90,3993100
11/27/2013,65.05,2885100
11/29/2013,64.91,1396200
12/2/2013,64.31,2912100
12/3/2013,64.79,3696700
12/4/2013,64.13,2141900
12/5/2013,63.45,2452700
12/6/2013,64.42,1765000
12/9/2013,63.74,1638000
12/10/2013,63.50,2476500
12/11/2013,63.25,1889200
12/12/2013,63.50,2525300
12/13/2013,63.58,1918400
12/16/2013,63.86,1654400
12/17/2013,63.88,1759000
12/18/2013,64.78,2489000
12/19/2013,64.50,1766200
12/20/2013,64.55,3804600
12/23/2013,64.12,2215800
12/24/2013,64.65,916800
12/26/2013,64.43,1077100
12/27/2013,64.41,957700
12/30/2013,64.39,1229800
12/31/2013,64.69,1386300
1/2/2014,63.58,2282100
1/3/2014,63.51,1739100
1/6/2014,63.52,1889000
1/7/2014,64.69,2196600
1/8/2014,64.76,2935500
1/9/2014,66.32,2961600
1/10/2014,67.78,3385000
1/13/2014,67.17,2852000
1/14/2014,67.11,1750500
1/15/2014,66.63,1613700
1/16/2014,66.48,1779500
1/17/2014,66.29,1947600
1/21/2014,66.88,2775200
1/22/2014,67.12,2148200
1/23/2014,66.40,2643500
1/24/2014,65.93,2383200
1/27/2014,66.42,2171700
1/28/2014,66.26,2380500
1/29/2014,66.28,2646200
1/30/2014,67.05,2184200
1/31/2014,67.91,4436900
2/3/2014,67.12,3096300
2/4/2014,65.85,3507300
2/5/2014,65.70,2684100
2/6/2014,65.93,1735000
2/7/2014,66.93,2138000
2/10/2014,68.49,3972400
2/11/2014,69.14,3114000
2/12/2014,69.36,1846600
2/13/2014,70.69,2736000
2/14/2014,71.11,2225000
2/18/2014,70.86,2094900
2/19/2014,70.64,2125000
2/20/2014,71.50,2032000
2/21/2014,71.39,1549200
2/24/2014,71.29,1514400
2/25/2014,71.26,1893800
2/26/2014,69.76,2633900
2/27/2014,69.58,1652600
2/28/2014,69.40,4112500
3/3/2014,68.59,2861700
3/4/2014,69.29,2891000
3/5/2014,68.52,2721300
3/6/2014,67.97,2294500
3/7/2014,68.44,3006800
3/10/2014,68.35,2016900
3/11/2014,68.05,2223000
3/12/2014,68.98,2711200
3/13/2014,69.50,3369800
3/14/2014,69.89,4787500
3/17/2014,70.60,3800700
3/18/2014,70.50,2411100
3/19/2014,69.83,3163500
3/20/2014,69.77,2537600
3/21/2014,70.06,4528700
3/24/2014,69.77,2236100
3/25/2014,70.07,1658300
3/26/2014,70.36,2189500
3/27/2014,70.95,1819800
3/28/2014,71.09,1866300
3/31/2014,70.99,2850500
4/1/2014,70.40,2418500
4/2/2014,70.28,1818400
4/3/2014,69.77,2319900
4/4/2014,69.62,2602500
4/7/2014,69.19,2503800
4/8/2014,70.48,3601100
4/9/2014,70.30,2687700
4/10/2014,69.58,3407500
4/11/2014,69.42,2285400
4/14/2014,70.23,1865500
4/15/2014,70.57,2149400
4/16/2014,71.53,1799300
4/17/2014,70.67,1831200
4/21/2014,70.73,1235400
4/22/2014,70.87,1602900
4/23/2014,71.06,1732900
4/24/2014,71.52,1489900
4/25/2014,72.33,1689200
4/28/2014,72.74,1864600
4/29/2014,72.46,2323800
4/30/2014,72.54,2745300
5/1/2014,72.48,1572100
5/2/2014,70.86,1906800
5/5/2014,71.16,1621800
5/6/2014,70.64,1895200
5/7/2014,72.21,1942700
5/8/2014,71.08,1425300
5/9/2014,69.86,1664700
5/12/2014,69.33,1901200
5/13/2014,69.80,2003800
5/14/2014,70.57,2071200
5/15/2014,70.08,1309800
5/16/2014,70.33,1513000
5/19/2014,69.04,2053600
5/20/2014,68.92,1937500
5/21/2014,68.96,1461700
5/22/2014,69.82,1518500
5/23/2014,69.32,2387600
5/27/2014,69.42,2416100
5/28/2014,68.35,3679400
5/29/2014,68.52,2983800
5/30/2014,68.96,2524100
6/2/2014,69.60,2051300
6/3/2014,69.87,2551100
6/4/2014,70.05,2026200
6/5/2014,70.23,2265100
6/6/2014,69.85,1619800
6/9/2014,69.01,1799600
6/10/2014,68.63,1887200
6/11/2014,67.71,2006600
6/12/2014,68.03,1926600
6/13/2014,68.44,2691700
6/16/2014,68.50,2580400
6/17/2014,68.48,2579800
6/18/2014,69.95,2948400
6/19/2014,71.00,3955600
6/20/2014,70.38,3937400
6/23/2014,70.04,2187200
6/24/2014,70.34,1802200
6/25/2014,69.76,4956800
6/26/2014,71.13,6884200
6/27/2014,70.82,3406100
6/30/2014,71.52,3228900
7/1/2014,71.16,3214200
7/2/2014,69.64,3615900
7/3/2014,68.66,2603900
7/7/2014,68.86,2767500
7/8/2014,69.15,2702100
7/9/2014,69.20,1726900
7/10/2014,69.98,2191100
7/11/2014,69.50,1257700
7/14/2014,68.90,1605000
7/15/2014,69.52,2406500
7/16/2014,69.77,1303200
7/17/2014,69.14,2012900
7/18/2014,70.16,1852000
7/21/2014,70.02,1564600
7/22/2014,69.94,1690700
7/23/2014,70.21,1314000
7/24/2014,70.34,1203200
7/25/2014,69.86,1101900
7/28/2014,70.88,1806400
7/29/2014,69.93,2231100
7/30/2014,68.97,2588900
7/31/2014,67.64,3266900
8/1/2014,67.59,2601800
8/4/2014,67.03,3911100
8/5/2014,66.01,3036100
8/6/2014,64.91,5188600
8/7/2014,65.76,2863700
8/8/2014,67.85,3872800
8/11/2014,67.55,2103600
8/12/2014,67.49,1372800
8/13/2014,67.77,1321500
8/14/2014,68.29,1194800
8/15/2014,68.90,2190900
8/18/2014,68.68,1375600
8/19/2014,69.59,1780800
8/20/2014,69.65,1221800
8/21/2014,69.69,1606900
8/22/2014,69.51,1617300
8/25/2014,70.09,1574200
8/26/2014,69.43,1483300
8/27/2014,69.48,1850600
8/28/2014,69.85,1696000
8/29/2014,70.22,1606400
9/2/2014,69.47,2619800
9/3/2014,69.66,1671500
9/4/2014,70.27,2593400
9/5/2014,71.29,2017300
9/8/2014,70.85,2695700
9/9/2014,69.87,2497800
9/10/2014,69.53,1497700
9/11/2014,69.92,1605800
9/12/2014,68.58,1942000
9/15/2014,68.66,1272500
9/16/2014,69.34,1719200
9/17/2014,69.05,2307100
9/18/2014,68.52,1756000
9/19/2014,68.92,3030300
9/22/2014,68.30,1709700
9/23/2014,68.30,3644500
9/24/2014,68.11,1690200
9/25/2014,67.63,1743800
9/26/2014,68.03,1661100
9/29/2014,68.48,1660400
9/30/2014,69.09,2832700
10/1/2014,69.26,2192300
10/2/2014,69.32,1679200
10/3/2014,70.04,2125600
10/6/2014,70.07,1846800
10/7/2014,70.19,2797800
10/8/2014,72.12,4582800
10/9/2014,70.43,2729100
10/10/2014,70.62,2966300
10/13/2014,69.99,3822200
10/14/2014,68.18,8512600
10/15/2014,66.33,8471800
10/16/2014,67.98,4927200
10/17/2014,68.73,3108000
10/20/2014,69.47,2033000
10/21/2014,70.01,1810300
10/22/2014,70.03,2647600
10/23/2014,70.10,1818900
10/24/2014,70.72,1751100
10/27/2014,70.36,1679700
10/28/2014,70.71,2520600
10/29/2014,70.17,2347400
10/30/2014,71.58,3766900
10/31/2014,71.30,4292900
11/3/2014,72.56,3224200
11/4/2014,71.82,1964500
11/5/2014,74.18,4824700
11/6/2014,73.08,3884700
11/7/2014,73.89,2038500
11/10/2014,74.36,2097400
11/11/2014,73.91,2472200
11/12/2014,72.71,2838000
11/13/2014,72.26,2599300
11/14/2014,71.57,2888400
11/17/2014,72.16,1652500
11/18/2014,72.20,1677100
11/19/2014,72.46,1578000
11/20/2014,72.67,1786800
11/21/2014,73.25,2576100
11/24/2014,73.05,2431000
11/25/2014,72.63,2652800
11/26/2014,72.53,1591000
11/28/2014,72.55,1268500
12/1/2014,72.28,2643200
12/2/2014,72.84,2286000
12/3/2014,72.58,1496500
12/4/2014,72.74,1733000
12/5/2014,72.15,1571500
12/8/2014,72.35,1654000
12/9/2014,72.51,2094800
12/10/2014,71.88,8403400
12/11/2014,73.37,3741000
12/12/2014,72.72,3800000
12/15/2014,71.98,2352100
12/16/2014,71.79,2124900
12/17/2014,73.97,2643800
12/18/2014,75.33,2756200
12/19/2014,75.40,4360700
12/22/2014,76.51,2747400
12/23/2014,76.90,1923200
12/24/2014,78.38,1414700
12/26/2014,79.28,3526600
12/29/2014,80.23,2761400
12/30/2014,78.30,1990200
12/31/2014,76.90,2080800
1/2/2015,77.49,2210200
1/5/2015,76.55,2779200
1/6/2015,76.16,3290000
1/7/2015,76.47,2908100
1/8/2015,77.37,2164100
1/9/2015,76.50,1815100
1/12/2015,76.50,2177300
1/13/2015,76.44,2347000
1/14/2015,76.45,3647800
1/15/2015,77.17,2655100
1/16/2015,77.76,2559400
1/20/2015,78.37,1912500
1/21/2015,79.27,2466000
1/22/2015,78.72,3053700
1/23/2015,79.09,1507300
1/26/2015,78.93,1617500
1/27/2015,78.98,1523500
1/28/2015,77.85,2090400
1/29/2015,79.14,1887300
1/30/2015,76.89,2939700
2/2/2015,77.72,2560800
2/3/2015,78.58,3045700
2/4/2015,77.63,2138300
2/5/2015,78.69,1779600
2/6/2015,75.71,3980900
2/9/2015,75.23,4549300
2/10/2015,76.66,4019500
2/11/2015,74.12,4040700
2/12/2015,73.72,5422100
2/13/2015,72.91,4098100
2/17/2015,73.18,4604800
2/18/2015,74.67,2974500
2/19/2015,73.79,3625200
2/20/2015,73.99,3342600
2/23/2015,73.90,1660200
2/24/2015,74.06,2217400
2/25/2015,72.71,2381500
2/26/2015,71.95,2416200
2/27/2015,72.09,2220200
3/2/2015,70.32,4422800
3/3/2015,70.97,3734800
3/4/2015,70.61,2640200
3/5/2015,71.18,3371300
3/6/2015,69.58,4783400
3/9/2015,69.57,2359000
3/10/2015,69.26,5119900
3/11/2015,68.75,3759500
3/12/2015,69.82,3042600
3/13/2015,68.96,2858100
3/16/2015,69.98,2621800
3/17/2015,69.99,2293600
3/18/2015,71.92,3216700
3/19/2015,71.60,2562000
3/20/2015,72.19,4294100
3/23/2015,72.20,2383700
3/24/2015,71.46,2376800
3/25/2015,70.70,2456100
3/26/2015,70.36,2370900
3/27/2015,70.39,1962100
3/30/2015,71.14,1427500
3/31/2015,70.87,2479600
4/1/2015,71.51,2596700
4/2/2015,71.58,1784200
4/6/2015,72.71,2330000
4/7/2015,71.95,1852900
4/8/2015,71.75,2027300
4/9/2015,71.37,1545800
4/10/2015,71.90,1175600
4/13/2015,71.09,1360800
4/14/2015,71.63,1799600
4/15/2015,72.42,2953200
4/16/2015,71.80,2373200
4/17/2015,71.47,2942000
4/20/2015,72.75,2332900
4/21/2015,72.09,3569200
4/22/2015,72.52,2774200
4/23/2015,73.20,2067300
4/24/2015,73.54,2868100
4/27/2015,72.57,2022500
4/28/2015,72.74,2206900
4/29/2015,72.30,2126100
4/30/2015,71.68,2837300
5/1/2015,71.70,2282600
5/4/2015,71.76,2210900
5/5/2015,70.82,3344900
5/6/2015,70.71,3461700
5/7/2015,70.93,2107900
5/8/2015,71.79,1927800
5/11/2015,71.01,1772800
5/12/2015,71.09,2253800
5/13/2015,70.90,2544400
5/14/2015,71.60,1722800
5/15/2015,72.19,1714100
5/18/2015,72.26,1396700
5/19/2015,72.19,1792200
5/20/2015,71.89,2738100
5/21/2015,72.02,3154200
5/22/2015,71.97,1415300
5/26/2015,71.51,2563900
5/27/2015,70.83,2620000
5/28/2015,70.97,1899700
5/29/2015,70.52,3582000
6/1/2015,70.50,1769100
6/2/2015,69.59,3020000
6/3/2015,68.43,3376100
6/4/2015,67.88,3238400
6/5/2015,67.14,3602300
6/8/2015,66.93,3405600
6/9/2015,66.83,2792700
6/10/2015,66.85,2968300
6/11/2015,67.27,2135500
6/12/2015,66.80,3758700
6/15/2015,67.10,2489700
6/16/2015,67.37,1697900
6/17/2015,68.00,2737200
6/18/2015,68.85,3381700
6/19/2015,68.05,3985500
6/22/2015,68.26,2494900
6/23/2015,67.56,3510900
6/24/2015,67.65,3154000
6/25/2015,67.04,2670000
6/26/2015,67.27,1928400
6/29/2015,67.29,2939000
6/30/2015,66.87,3367600
7/1/2015,67.07,2747400
7/2/2015,67.90,2274400
7/6/2015,67.85,3191500
7/7/2015,69.33,3035700
7/8/2015,69.43,3279100
7/9/2015,68.65,3031600
7/10/2015,68.96,1849900
7/13/2015,69.09,2154500
7/14/2015,69.20,1746500
7/15/2015,69.52,1607700
7/16/2015,70.18,2100200
7/17/2015,69.65,2048800
7/20/2015,69.29,1237800
7/21/2015,68.77,2424400
7/22/2015,68.73,2236600
7/23/2015,68.23,2395500
7/24/2015,68.59,2364000
7/27/2015,69.14,2191200
7/28/2015,70.13,2792200
7/29/2015,70.65,2542300
7/30/2015,71.05,1569900
7/31/2015,71.70,2190500
8/3/2015,71.72,1749300
8/4/2015,70.25,3071300
8/5/2015,71.16,2353600
8/6/2015,71.33,2158800
8/7/2015,72.34,1934100
8/10/2015,72.35,1535600
8/11/2015,72.68,1902700
8/12/2015,74.49,3378500
8/13/2015,74.93,3018100
8/14/2015,75.37,1730100
8/17/2015,76.22,2882700
8/18/2015,76.09,1795400
8/19/2015,76.14,2020600
8/20/2015,75.72,4340200
8/21/2015,75.40,6976200
8/24/2015,72.36,6395900
8/25/2015,70.23,5231300
8/26/2015,70.62,3872900
8/27/2015,71.21,3314300
8/28/2015,71.03,2427200
8/31/2015,69.75,3333600
9/1/2015,67.80,2851100
9/2/2015,68.09,2655100
9/3/2015,68.09,3032000
9/4/2015,67.23,2843000
9/8/2015,68.72,3519000
9/9/2015,68.08,2770900
9/10/2015,67.27,2461700
9/11/2015,67.76,2184900
9/14/2015,68.11,2242000
9/15/2015,68.08,1866500
9/16/2015,68.75,2114900
9/17/2015,69.46,1914300
9/18/2015,69.00,3603700
9/21/2015,69.32,2209300
9/22/2015,69.08,2504600
9/23/2015,69.22,1738400
9/24/2015,69.42,2148100
9/25/2015,70.06,2409800
9/28/2015,69.43,2864100
9/29/2015,69.29,2524900
9/30/2015,70.38,2741000
10/1/2015,69.16,3175100
10/2/2015,69.35,3864800
10/5/2015,70.32,2881900
10/6/2015,69.78,2389900
10/7/2015,69.78,1744700
10/8/2015,70.71,1935100
10/9/2015,71.02,2543800
10/12/2015,72.00,1839900
10/13/2015,71.90,1676100
10/14/2015,72.09,1851800
10/15/2015,72.80,2241500
10/16/2015,73.14,2018900
10/19/2015,73.37,1898600
10/20/2015,73.69,2308800
10/21/2015,73.92,2358200
10/22/2015,74.49,2089900
10/23/2015,73.08,2154700
10/26/2015,72.84,2048400
10/27/2015,72.36,2262900
10/28/2015,71.52,2160600
10/29/2015,70.88,2861100
10/30/2015,71.43,2937600
11/2/2015,70.73,3052600
11/3/2015,70.71,2710500
11/4/2015,70.57,2375300
11/5/2015,70.24,1595400
11/6/2015,67.85,2883200
11/9/2015,67.73,2458900
11/10/2015,67.80,2067000
11/11/2015,68.31,1529400
11/12/2015,67.91,2380600
11/13/2015,68.20,2739100
11/16/2015,69.26,2454700
11/17/2015,68.30,2017800
11/18/2015,68.48,2119200
11/19/2015,68.82,1743600
11/20/2015,69.00,2918200
11/23/2015,67.58,2079100
11/24/2015,67.48,1997900
11/25/2015,67.22,1364600
11/27/2015,67.37,824800
11/30/2015,67.37,2550000
12/1/2015,67.41,2284800
12/2/2015,66.14,2609200
12/3/2015,65.17,2918600
12/4/2015,66.60,2827400
12/7/2015,66.14,2880900
12/8/2015,65.91,2956900
12/9/2015,66.19,2855200
12/10/2015,65.20,1961000
12/11/2015,64.89,2105200
12/14/2015,65.40,2633100
12/15/2015,66.15,2284400
12/16/2015,67.57,3215300
12/17/2015,67.54,2785500
12/18/2015,66.90,4921400
12/21/2015,66.56,2448800
12/22/2015,67.14,1935800
12/23/2015,68.08,2334700
12/24/2015,67.77,738400
12/28/2015,67.86,1807900
12/29/2015,68.64,1960500
12/30/2015,68.68,1634900
12/31/2015,67.64,2119200
1/4/2016,67.47,3896700
1/5/2016,68.05,2476000
1/6/2016,68.47,2670700
1/7/2016,68.51,4011800
1/8/2016,69.52,5391500
1/11/2016,69.41,3989700
1/12/2016,68.90,4318300
1/13/2016,69.02,3646500
1/14/2016,69.67,3265900
1/15/2016,68.88,3964200
1/19/2016,69.90,3037000
1/20/2016,68.73,3773800
1/21/2016,68.49,2268700
1/22/2016,69.76,2118000
1/25/2016,69.56,2287300
1/26/2016,69.72,2075500
1/27/2016,69.71,2320200
1/28/2016,70.94,3579600
1/29/2016,72.17,3498500
2/1/2016,70.18,10798600
2/2/2016,69.89,6008700
2/3/2016,69.93,5527100
2/4/2016,70.43,4016100
2/5/2016,71.06,3758900
2/8/2016,69.49,5684700
2/9/2016,70.43,4020500
2/10/2016,70.29,3266600
2/11/2016,69.21,2868700
2/12/2016,68.94,2942500
2/16/2016,69.15,2385500
2/17/2016,69.77,2584000
2/18/2016,69.75,6190800
2/19/2016,69.46,4156600
2/22/2016,70.74,2529900
2/23/2016,70.88,2559200
2/24/2016,71.22,3482700
2/25/2016,71.83,2114900
2/26/2016,70.02,2800500
2/29/2016,69.92,3622000
3/1/2016,69.95,2510000
3/2/2016,68.77,4450600
3/3/2016,69.99,3726400
3/4/2016,70.62,2772700
3/7/2016,71.22,2382500
3/8/2016,71.72,3067600
3/9/2016,72.10,2312400
3/10/2016,71.59,2179900
3/11/2016,72.22,1880100
3/14/2016,72.34,1862600
3/15/2016,72.99,2094800
3/16/2016,73.56,2903000
3/17/2016,74.55,3286500
3/18/2016,73.46,4697600
3/21/2016,73.63,2450600
3/22/2016,72.96,3009400
3/23/2016,73.51,1828700
3/24/2016,73.42,1594600
3/28/2016,73.15,1977000
3/29/2016,74.64,2752800
3/30/2016,74.75,1958600
3/31/2016,75.12,2717800
4/1/2016,75.39,2347700
4/4/2016,74.58,2013700
4/5/2016,73.05,7976200
4/6/2016,72.75,4226800
4/7/2016,72.97,2336400
4/8/2016,73.04,2416600
4/11/2016,72.87,2627600
4/12/2016,73.22,2776300
4/13/2016,72.80,1790700
4/14/2016,72.70,1620000
4/15/2016,73.05,2405200
4/18/2016,72.87,2656800
4/19/2016,72.82,2431100
4/20/2016,71.08,2552000
4/21/2016,69.51,3555300
4/22/2016,70.06,2552400
4/25/2016,70.20,2588500
4/26/2016,69.90,2322600
4/27/2016,70.75,3244300
4/28/2016,71.03,2678200
4/29/2016,71.47,4506100
5/2/2016,72.10,3025200
5/3/2016,71.94,3919300
5/4/2016,72.78,3191100
5/5/2016,71.99,2697800
5/6/2016,71.27,2379900
5/9/2016,71.48,2059600
5/10/2016,71.52,1702100
5/11/2016,71.72,1837300
5/12/2016,72.28,2509700
5/13/2016,72.09,1723500
5/16/2016,72.22,1513700
5/17/2016,71.08,2309800
5/18/2016,69.61,3446900
5/19/2016,70.88,2902100
5/20/2016,70.98,2155800
5/23/2016,70.14,2014900
5/24/2016,70.78,1974200
5/25/2016,70.94,2055000
5/26/2016,71.57,1846600
5/27/2016,71.61,1373100
5/31/2016,72.25,3876800
6/1/2016,71.68,1929100
6/2/2016,71.49,2248900
6/3/2016,72.97,3157600
6/6/2016,72.77,2032600
6/7/2016,72.50,1911600
6/8/2016,72.95,1620300
6/9/2016,73.74,1709000
6/10/2016,73.35,2357200
6/13/2016,73.39,3182900
6/14/2016,73.67,5939400
6/15/2016,73.68,3277300
6/16/2016,73.89,3174000
6/17/2016,74.12,7978000
6/20/2016,74.36,4934300
6/21/2016,74.35,2809700
6/22/2016,73.79,1795600
6/23/2016,73.95,1412600
6/24/2016,74.17,4332900
6/27/2016,74.95,3362700
6/28/2016,76.44,5903800
6/29/2016,76.41,2847700
6/30/2016,77.93,3348200
7/1/2016,77.86,2212300
7/5/2016,78.45,2470200
7/6/2016,78.92,2949100
7/7/2016,77.47,2572000
7/8/2016,78.19,2259200
7/11/2016,78.15,1831500
7/12/2016,77.41,2060400
7/13/2016,77.77,2352000
7/14/2016,77.14,2250900
7/15/2016,77.53,1926000
7/18/2016,77.82,1521400
7/19/2016,77.83,1495200
7/20/2016,77.30,1408500
7/21/2016,77.60,1618600
7/22/2016,78.51,1580500
7/25/2016,78.61,1694100
7/26/2016,77.53,2102000
7/27/2016,76.52,2878000
7/28/2016,76.94,2360800
7/29/2016,78.02,3357600
8/1/2016,77.58,1771400
8/2/2016,77.37,2628300
8/3/2016,76.75,2761900
8/4/2016,76.42,2221600
8/5/2016,75.37,2437400
8/8/2016,74.99,2588700
8/9/2016,74.73,7438500
8/10/2016,75.01,5318400
8/11/2016,75.40,3495100
8/12/2016,75.96,3452700
8/15/2016,75.00,1978700
8/16/2016,74.68,4912900
8/17/2016,76.65,4822000
8/18/2016,76.86,4116000
8/19/2016,75.80,3134500
8/22/2016,76.28,2308200
8/23/2016,75.83,2095600
8/24/2016,76.12,2155400
8/25/2016,76.24,2193300
8/26/2016,74.74,3243700
8/29/2016,75.69,3758900
8/30/2016,74.95,2415500
8/31/2016,74.16,3448800
9/1/2016,74.06,2144200
9/2/2016,74.75,1794900
9/6/2016,75.50,2477400
9/7/2016,75.39,1662500
9/8/2016,75.51,2603900
9/9/2016,72.50,2994900
9/12/2016,74.05,3193800
9/13/2016,73.52,3079100
9/14/2016,73.79,1812000
9/15/2016,74.45,2145100
9/16/2016,75.06,4744400
9/19/2016,75.90,2133300
9/20/2016,75.63,2431600
9/21/2016,76.75,2784400
9/22/2016,77.04,2083100
9/23/2016,77.01,2050600
9/26/2016,76.60,2521700
9/27/2016,75.78,2936900
9/28/2016,75.84,2036800
9/29/2016,74.75,2446500
9/30/2016,74.27,3153600
10/3/2016,73.28,2487600
10/4/2016,72.15,3177500
10/5/2016,71.88,3053100
10/6/2016,71.91,2105900
10/7/2016,71.50,1882800
10/10/2016,72.22,1827600
10/11/2016,71.69,2573300
10/12/2016,72.16,1541200
10/13/2016,73.31,3113600
10/14/2016,72.78,1694100
10/17/2016,72.83,1613700
10/18/2016,73.37,1641800
10/19/2016,73.21,1763300
10/20/2016,73.11,1313800
10/21/2016,72.84,1510800
10/24/2016,73.12,2433000
10/25/2016,73.40,2079400
10/26/2016,73.83,1685600
10/27/2016,73.30,1772500
10/28/2016,73.49,1767700
10/31/2016,75.20,4056600
11/1/2016,74.46,2576000
11/2/2016,74.10,2944400
11/3/2016,74.35,1837900
11/4/2016,73.79,2638100
11/7/2016,74.72,2417600
11/8/2016,75.50,1820800
11/9/2016,73.22,3046700
11/10/2016,71.13,4171800
11/11/2016,70.76,2577300
11/14/2016,69.99,4551700
11/15/2016,71.24,3861400
11/16/2016,71.05,2914000
11/17/2016,71.03,2766400
11/18/2016,71.15,2696500
11/21/2016,72.25,2118500
11/22/2016,73.19,3421400
11/23/2016,72.87,3358900
11/25/2016,73.95,1392700
11/28/2016,75.17,2580200
11/29/2016,76.11,3376600
11/30/2016,73.29,4407000
12/1/2016,72.75,3177500
12/2/2016,73.78,2952500
12/5/2016,73.48,2851300
12/6/2016,72.71,2897900
12/7/2016,73.50,3935400
12/8/2016,73.50,1868600
12/9/2016,74.53,2224500
12/12/2016,75.46,2479600
12/13/2016,75.95,2326600
12/14/2016,74.12,3767000
12/15/2016,74.57,2729000
12/16/2016,75.87,5570700
12/19/2016,76.51,2359000
12/20/2016,76.51,2136400
12/21/2016,76.24,1837300
12/22/2016,76.63,1664800
12/23/2016,76.75,1074100
12/27/2016,76.67,1163500
12/28/2016,76.33,1734500
12/29/2016,76.99,2342400
12/30/2016,76.59,2459600
1/3/2017,76.25,3017500
1/4/2017,76.18,3426200
1/5/2017,76.28,2688000
1/6/2017,76.90,1848000
1/9/2017,75.72,1947400
1/10/2017,75.43,1534200
1/11/2017,75.63,1902400
1/12/2017,75.28,2468300
1/13/2017,75.21,1992700
1/17/2017,76.20,2111500
1/18/2017,76.17,1913900
1/19/2017,75.62,1397400
1/20/2017,75.79,1739300
1/23/2017,75.58,1530700
1/24/2017,75.47,1898200
1/25/2017,75.81,2161100
1/26/2017,75.69,1537700
1/27/2017,75.52,1393800
1/30/2017,75.26,2287000
1/31/2017,76.28,3056200
2/1/2017,71.85,7279600
2/2/2017,71.68,4336600
2/3/2017,71.70,3695400
2/6/2017,72.21,3223800
2/7/2017,72.35,2436200
2/8/2017,73.34,2711600
2/9/2017,72.15,3752800
2/10/2017,73.37,3563800
2/13/2017,73.73,2829000
2/14/2017,73.12,2824300
2/15/2017,72.38,3184400
2/16/2017,73.28,3026300
2/17/2017,73.77,3426400
2/21/2017,74.76,3541200
2/22/2017,75.35,3105700
2/23/2017,76.16,2513300
2/24/2017,77.00,2384800
2/27/2017,76.87,3344000
2/28/2017,77.64,2920400
3/1/2017,76.25,2663200
3/2/2017,77.22,2604400
3/3/2017,76.56,2956000
3/6/2017,76.24,1948100
3/7/2017,76.12,2479700
3/8/2017,75.13,1878500
3/9/2017,74.90,1381800
3/10/2017,75.67,1623600
3/13/2017,76.09,2728600
3/14/2017,76.33,2089000
3/15/2017,77.85,2779700
3/16/2017,76.80,2652300
3/17/2017,77.12,3797800
3/20/2017,76.83,2149300
3/21/2017,78.21,3246700
3/22/2017,78.65,3122700
3/23/2017,78.26,2617700
3/24/2017,78.26,2367300
3/27/2017,77.92,2548700
3/28/2017,78.06,2869000
3/29/2017,77.67,1791500
3/30/2017,77.41,1520200
3/31/2017,77.57,2050500
4/3/2017,77.74,1991000
4/4/2017,77.62,1985600
4/5/2017,77.96,1840000
4/6/2017,78.21,2781700
4/7/2017,77.59,2160500
4/10/2017,77.91,1809500
4/11/2017,77.48,1814200
4/12/2017,77.93,2246700
4/13/2017,77.53,2637200
4/17/2017,77.94,2751500
4/18/2017,77.99,2540600
4/19/2017,77.34,1883900
4/20/2017,77.36,2603600
4/21/2017,77.54,3471900
4/24/2017,78.07,2543300
4/25/2017,77.70,1787700
4/26/2017,77.49,1505800
4/27/2017,77.69,1593300
4/28/2017,77.43,2001600
5/1/2017,76.94,1641400
5/2/2017,77.22,1251800
5/3/2017,76.57,2251200
5/4/2017,77.30,2445400
5/5/2017,78.23,2291200
5/8/2017,78.53,2064900
5/9/2017,77.48,1554000
5/10/2017,77.73,1921400
5/11/2017,77.61,1423300
5/12/2017,77.93,1469700
5/15/2017,77.97,1826900
5/16/2017,77.21,2254800
5/17/2017,77.48,2542400
5/18/2017,78.32,3371600
5/19/2017,78.59,2718600
5/22/2017,79.70,2354200
5/23/2017,79.71,2119300
5/24/2017,80.29,1520400
5/25/2017,80.97,1875600
5/26/2017,81.03,2080700
5/30/2017,81.02,1877900
5/31/2017,80.77,2416800
6/1/2017,81.41,2271500
6/2/2017,81.20,2530100
6/5/2017,80.68,2377400
6/6/2017,80.30,2305000
6/7/2017,80.46,3376100
6/8/2017,79.67,2955300
6/9/2017,79.28,3854600
6/12/2017,79.46,1990500
6/13/2017,79.37,2483500
6/14/2017,79.99,3192300
6/15/2017,80.18,2610700
6/16/2017,80.71,4581800
6/19/2017,80.37,2931600
6/20/2017,80.20,2382000
6/21/2017,79.16,2542400
6/22/2017,78.93,2518300
6/23/2017,78.39,3807100
6/26/2017,78.65,4213700
6/27/2017,77.90,3296800
6/28/2017,77.05,3125000
6/29/2017,77.06,3798200
6/30/2017,76.63,2944900
7/3/2017,76.10,1375200
7/5/2017,75.80,3349600
7/6/2017,75.72,2033500
7/7/2017,75.79,1687000
7/10/2017,75.60,3585400
7/11/2017,76.03,2651000
7/12/2017,76.58,2345700
7/13/2017,76.11,1561600
7/14/2017,76.55,1729900
7/17/2017,76.62,1314700
7/18/2017,76.86,1568700
7/19/2017,76.98,1407300
7/20/2017,76.95,2211900
7/21/2017,77.57,2312200
7/24/2017,76.77,1827800
7/25/2017,76.79,1783100
7/26/2017,77.05,1395400
7/27/2017,77.12,1553300
7/28/2017,76.99,1232800
7/31/2017,77.18,1936600
8/1/2017,77.30,1967700
8/2/2017,77.86,1674600
8/3/2017,78.40,2583700
8/4/2017,78.08,2025900
8/7/2017,77.92,1629400
8/8/2017,77.96,1266800
8/9/2017,77.84,1596500
8/10/2017,77.82,1581500
8/11/2017,77.39,1462500
8/14/2017,77.68,1534100
8/15/2017,77.90,3282800
8/16/2017,78.24,3045700
8/17/2017,78.12,1740600
8/18/2017,78.69,2303000
8/21/2017,78.74,1325300
8/22/2017,78.97,1420900
8/23/2017,79.22,1588800
8/24/2017,79.45,2056000
8/25/2017,80.08,2475900
8/28/2017,80.14,1700900
8/29/2017,80.24,2065000
8/30/2017,78.82,1726900
8/31/2017,78.77,2010300
9/1/2017,78.33,1547500
9/5/2017,78.19,2603100
9/6/2017,77.99,2120300
9/7/2017,78.25,3107800
9/8/2017,79.24,2208500
9/11/2017,79.92,2393100
9/12/2017,78.18,2746800
9/13/2017,78.07,2061400
9/14/2017,79.17,3021000
9/15/2017,79.50,6853100
9/18/2017,78.55,2470900
9/19/2017,78.33,2463700
9/20/2017,77.62,2095400
9/21/2017,77.30,1256300
9/22/2017,77.04,1839000
9/25/2017,78.02,2325700
9/26/2017,78.21,2131100
9/27/2017,76.78,3640600
9/28/2017,77.03,1933300
9/29/2017,76.93,2434500
10/2/2017,76.74,2131400
10/3/2017,75.95,2254600
10/4/2017,76.87,2275800
10/5/2017,76.81,1913100
10/6/2017,76.81,1497300
10/9/2017,76.64,1304100
10/10/2017,77.74,2005100
10/11/2017,78.01,2255900
10/12/2017,78.63,1841400
10/13/2017,78.62,1725300
10/16/2017,79.03,2365500
10/17/2017,78.96,1955500
10/18/2017,78.88,2065400
10/19/2017,79.95,2609100
10/20/2017,80.00,2198200
10/23/2017,80.38,2016200
10/24/2017,80.35,1858500
10/25/2017,79.68,2416100
10/26/2017,80.41,3390500
10/27/2017,80.51,2161400
10/30/2017,81.48,2577900
10/31/2017,81.14,2827700
11/1/2017,80.49,2118300
11/2/2017,80.84,2239400
11/3/2017,80.67,2183200
11/6/2017,80.56,1701000
11/7/2017,81.39,1698100
11/8/2017,80.88,1974000
11/9/2017,81.24,1430700
11/10/2017,80.81,1735500
11/13/2017,81.85,1631300
11/14/2017,82.84,2454100
11/15/2017,82.23,1828000
11/16/2017,81.96,1288300
11/17/2017,81.32,1705400
11/20/2017,81.15,1485600
11/21/2017,81.37,2315000
11/22/2017,82.16,1744900
11/24/2017,82.21,797400
11/27/2017,82.96,2305400
11/28/2017,83.94,2255600
11/29/2017,84.00,2603200
11/30/2017,84.13,3120900
12/1/2017,83.57,2566100
12/4/2017,83.55,2036000
12/5/2017,83.12,1986300
12/6/2017,83.53,1709800
12/7/2017,83.68,1979600
12/8/2017,83.88,1477700
12/11/2017,84.14,1988900
12/12/2017,83.43,2409700
12/13/2017,84.11,2460900
12/14/2017,84.38,2202700
12/15/2017,84.91,5872700
12/18/2017,82.75,3343900
12/19/2017,81.34,2445600
12/20/2017,80.59,2241400
12/21/2017,80.65,2516300
12/22/2017,80.44,1755300
12/26/2017,80.33,1581600
12/27/2017,80.66,1742800
12/28/2017,81.07,1338300
12/29/2017,81.06,3347400
1/2/2018,80.28,2163600
1/3/2018,77.19,14587400
1/4/2018,76.83,7146600
1/5/2018,76.84,5758300
1/8/2018,78.02,5570000
1/9/2018,77.21,3484800
1/10/2018,76.21,3978200
1/11/2018,76.21,3545900
1/12/2018,75.94,4350900
1/16/2018,75.27,9056800
1/17/2018,75.50,4976800
1/18/2018,74.89,6801100
1/19/2018,74.99,6529900
1/22/2018,74.89,4394000
1/23/2018,75.71,5204200
1/24/2018,75.56,5278100
1/25/2018,76.69,3915500
1/26/2018,75.50,5245200
1/29/2018,75.09,4829500
1/30/2018,75.32,4798300
1/31/2018,76.44,7018400
2/1/2018,75.90,4069500
2/2/2018,75.68,3528900
2/5/2018,74.69,4693400
2/6/2018,74.11,6910200
2/7/2018,73.76,4913900
2/8/2018,73.31,4101300
2/9/2018,74.38,4629100
2/12/2018,75.26,4418600
2/13/2018,75.07,3395200
2/14/2018,74.34,2885800
2/15/2018,75.42,3122400
2/16/2018,75.80,3529500
2/20/2018,74.75,4264800
2/21/2018,73.54,3822600
2/22/2018,73.58,2449100
2/23/2018,75.52,2055800
2/26/2018,75.99,2970600
2/27/2018,74.26,4134600
2/28/2018,74.07,4717800
3/1/2018,72.35,4832600
3/2/2018,72.50,3535800
3/5/2018,73.70,3391900
3/6/2018,72.92,2554000
3/7/2018,72.89,2368300
3/8/2018,72.83,4543900
3/9/2018,72.87,4149900
3/12/2018,72.97,4782900
3/13/2018,73.00,4093200
3/14/2018,73.52,3367500
3/15/2018,71.24,8084700
3/16/2018,70.61,12427600
3/19/2018,69.15,8224400
3/20/2018,68.45,5464800
3/21/2018,67.64,6006100
3/22/2018,67.87,6912500
3/23/2018,67.30,4956600
3/26/2018,68.10,3149400
3/27/2018,69.22,4286400
3/28/2018,67.79,12337300
3/29/2018,67.43,9174500
4/2/2018,67.09,6679600
4/3/2018,67.33,6092700
4/4/2018,66.95,4291300
4/5/2018,67.34,4751200
4/6/2018,66.22,5215800
4/9/2018,66.37,4602000
4/10/2018,65.50,5273800
4/11/2018,64.88,4882800
4/12/2018,64.07,4657900
4/13/2018,63.94,5483400
4/16/2018,64.73,5019300
4/17/2018,65.69,4728300
4/18/2018,66.07,4606200
4/19/2018,66.06,5002400
4/20/2018,65.33,4399300
4/23/2018,64.89,3636300
4/24/2018,64.78,4819300
4/25/2018,64.80,3424400
4/26/2018,65.00,4622500
4/27/2018,66.35,5518900
4/30/2018,66.56,3664300
5/1/2018,66.27,3849800
5/2/2018,66.19,2597000
5/3/2018,65.53,2957500
5/4/2018,65.57,2396500
5/7/2018,65.08,2707700
5/8/2018,63.14,3440600
5/9/2018,62.67,3636600
5/10/2018,64.06,3682600
5/11/2018,64.70,2935700
5/14/2018,64.23,4293700
5/15/2018,64.52,4600700
5/16/2018,63.77,4408000
5/17/2018,63.68,2781100
5/18/2018,63.29,4195300
5/21/2018,63.72,3566000
5/22/2018,63.82,3357100
5/23/2018,63.91,5109400
5/24/2018,64.00,4346900
5/25/2018,64.17,2991200
5/29/2018,64.34,4846400
5/30/2018,64.52,4618200
5/31/2018,64.19,4432700
6/1/2018,63.36,3405200
6/4/2018,62.64,2799400
6/5/2018,62.77,3495900
6/6/2018,61.75,4396500
6/7/2018,62.39,4229800
6/8/2018,62.60,3168500
6/11/2018,63.21,5354800
6/12/2018,64.89,7543100
6/13/2018,64.31,5017300
6/14/2018,65.52,5608500
6/15/2018,66.31,9724700
6/18/2018,66.00,5133300
6/19/2018,66.94,6769100
6/20/2018,66.43,5238600
6/21/2018,66.60,3989900
6/22/2018,66.94,3356200
6/25/2018,67.88,3538700
6/26/2018,67.54,3700600
6/27/2018,68.03,2873700
6/28/2018,68.47,3679500
6/29/2018,68.18,3106700
7/2/2018,68.45,2628700
7/3/2018,69.31,2246600
7/5/2018,69.74,3496700
7/6/2018,70.02,2583600
7/9/2018,68.08,3252300
7/10/2018,69.08,3590200
7/11/2018,69.56,3603000
7/12/2018,70.06,4705000
7/13/2018,69.99,2574800
7/16/2018,69.88,2744900
7/17/2018,70.38,3020100
7/18/2018,69.95,1979100
7/19/2018,72.00,6345200
7/20/2018,71.27,4128300
7/23/2018,70.99,2911300
7/24/2018,70.91,3273400
7/25/2018,71.03,2272600
7/26/2018,71.50,3292900
7/27/2018,71.26,2588000
7/30/2018,71.19,2908400
7/31/2018,71.71,4510800
8/1/2018,70.32,4736100
8/2/2018,71.14,2893700
8/3/2018,72.12,2555100
8/6/2018,71.75,2425700
8/7/2018,71.07,2988100
8/8/2018,70.72,2774000
8/9/2018,71.03,1484300
8/10/2018,70.69,2573900
8/13/2018,69.82,5385500
8/14/2018,69.66,4524300
8/15/2018,70.25,4535900
8/16/2018,71.13,2838300
8/17/2018,71.75,2850600
8/20/2018,71.78,2071900
8/21/2018,71.62,1956800
8/22/2018,71.29,2088600
8/23/2018,71.07,1602900
8/24/2018,71.64,1423300
8/27/2018,71.25,1517500
8/28/2018,70.85,1820900
8/29/2018,71.16,2693900
8/30/2018,70.98,2994500
8/31/2018,70.77,2687800
9/4/2018,71.23,1995300
9/5/2018,72.45,3156000
9/6/2018,72.25,2972800
9/7/2018,71.46,2142500
9/10/2018,72.28,2017900
9/11/2018,71.60,3059700
9/12/2018,71.57,2033100
9/13/2018,72.18,2694800
9/14/2018,71.86,2280800
9/17/2018,71.99,2393700
9/18/2018,71.92,2379200
9/19/2018,70.62,2964000
9/20/2018,70.32,5144200
9/21/2018,70.85,5587200
9/24/2018,70.08,3196700
9/25/2018,69.55,3672000
9/26/2018,68.82,2960500
9/27/2018,69.14,4478400
9/28/2018,70.28,3095800
10/1/2018,70.10,1725100
10/2/2018,70.88,1905100
10/3/2018,70.29,3053900
10/4/2018,70.69,2421300
10/5/2018,71.85,3557700
10/8/2018,72.99,3755300
10/9/2018,73.36,3694300
10/10/2018,73.21,3663000
10/11/2018,71.78,3424000
10/12/2018,71.37,3111700
10/15/2018,71.61,3378200
10/16/2018,72.30,2163500
10/17/2018,72.30,2153400
10/18/2018,72.23,2239100
10/19/2018,73.50,4303900
10/22/2018,73.27,3175400
10/23/2018,72.91,3225500
10/24/2018,74.19,3834500
10/25/2018,72.73,2758100
10/26/2018,71.67,3841200
10/29/2018,72.20,3443000
10/30/2018,72.84,3824400
10/31/2018,71.42,3774800
11/1/2018,70.33,5079500
11/2/2018,69.89,4719200
11/5/2018,70.23,3363200
11/6/2018,70.67,2464300
11/7/2018,71.18,2829600
11/8/2018,71.22,2045600
11/9/2018,72.25,2682900
11/12/2018,73.43,4031700
11/13/2018,74.02,2821900
11/14/2018,73.65,4401100
11/15/2018,73.45,4769600
11/16/2018,73.61,3683300
11/19/2018,74.42,3159500
11/20/2018,74.66,4930500
11/21/2018,73.35,2795200
11/23/2018,73.10,1316500
11/26/2018,73.99,3143000
11/27/2018,74.11,4646700
11/28/2018,73.32,3555700
11/29/2018,73.75,3841200
11/30/2018,74.50,5397600
12/3/2018,75.13,4425400
12/4/2018,75.32,5453000
12/6/2018,74.78,5493500
12/7/2018,75.61,5232800
12/10/2018,76.27,5784400
12/11/2018,76.25,3991700
12/12/2018,75.26,5076300
12/13/2018,76.05,4938400
12/14/2018,76.92,9081600
12/17/2018,74.00,8619700
12/18/2018,73.59,5676100
12/19/2018,74.11,7216000
12/20/2018,74.82,8028100
12/21/2018,74.89,9307300
12/24/2018,71.12,3515200
12/26/2018,72.30,4576100
12/27/2018,73.25,9444000
12/28/2018,73.26,4643500
12/31/2018,71.46,11807900
1/2/2019,71.18,6378000
1/3/2019,70.84,6264700
1/4/2019,72.21,4567300
1/7/2019,71.51,5009200
1/8/2019,72.34,5453500
1/9/2019,72.22,3986300
1/10/2019,71.90,7266500
1/11/2019,69.85,5615400
1/14/2019,67.97,7249500
1/15/2019,68.88,5780900
1/16/2019,68.97,5575000
1/17/2019,68.94,4184300
1/18/2019,68.77,4149700
1/22/2019,68.59,5481900
1/23/2019,69.43,5005600
1/24/2019,69.13,4967200
1/25/2019,69.16,5621600
1/28/2019,68.37,7980300
1/29/2019,68.69,6100500
1/30/2019,69.44,5566000
1/31/2019,70.24,8457000
2/1/2019,70.97,5090100
2/4/2019,71.45,6226500
2/5/2019,71.93,4041200
2/6/2019,71.79,2893800
2/7/2019,72.67,3397700
2/8/2019,73.05,4160900
2/11/2019,72.81,3481000
2/12/2019,73.20,3938600
2/13/2019,73.25,7234100
2/14/2019,72.90,3642100
2/15/2019,73.26,4662400
2/19/2019,73.54,6081000
2/20/2019,73.54,5685700
2/21/2019,74.34,3966400
2/22/2019,75.05,3219100
2/25/2019,75.12,3751100
2/26/2019,73.89,4357300
2/27/2019,74.33,3596900
2/28/2019,74.09,6208800
3/1/2019,74.79,3917700
3/4/2019,75.27,4604200
3/5/2019,75.45,6087400
3/6/2019,75.83,4963000
3/7/2019,76.12,4242900
3/8/2019,75.73,3754500
3/11/2019,76.32,3727000
3/12/2019,76.33,4095200
3/13/2019,76.30,4801400
3/14/2019,76.64,5120600
3/15/2019,77.04,13410800
3/18/2019,76.61,3797600
3/19/2019,75.19,5730500
3/20/2019,74.94,4656000
3/21/2019,75.11,4049400
3/22/2019,75.52,5324200
3/25/2019,75.94,3770600
3/26/2019,76.88,2658300
3/27/2019,76.84,4460700
3/28/2019,75.67,4236300
3/29/2019,76.66,5008300
4/1/2019,76.69,3488800
4/2/2019,76.97,3934700
4/3/2019,76.96,3358700
4/4/2019,76.90,2701600
4/5/2019,77.47,4478300
4/8/2019,76.67,3525700
4/9/2019,76.39,3272300
4/10/2019,75.83,4466000
4/11/2019,76.30,2169900
4/12/2019,76.44,2063000
4/15/2019,76.67,3362600
4/16/2019,75.12,3079300
4/17/2019,75.27,3023000
4/18/2019,74.92,3307700
4/22/2019,74.70,2351400
4/23/2019,75.45,2922900
4/24/2019,76.29,2836500
4/25/2019,76.55,2215800
4/26/2019,76.79,1702300
4/29/2019,76.17,2598700
4/30/2019,77.87,3359900
5/1/2019,77.14,2878300
5/2/2019,76.98,2450300
5/3/2019,76.79,3126300
5/6/2019,75.49,3725900
5/7/2019,75.04,3684500
5/8/2019,73.81,3180300
5/9/2019,73.31,3652200
5/10/2019,74.56,2336000
5/13/2019,75.60,3522200
5/14/2019,74.59,2907600
5/15/2019,74.29,2870900
5/16/2019,75.32,2659500
5/17/2019,75.60,2474300
5/20/2019,76.05,2702500
5/21/2019,76.73,3505100
5/22/2019,77.33,2832300
5/23/2019,78.05,3302000
5/24/2019,77.72,2101800
5/28/2019,76.25,5757300
5/29/2019,75.22,3159000
5/30/2019,74.31,3663600
5/31/2019,75.18,3256300
6/3/2019,75.96,2833800
6/4/2019,75.97,2951400
6/5/2019,77.61,3738000
6/6/2019,76.35,5094200
6/7/2019,75.79,5142900
6/10/2019,75.42,3520100
6/11/2019,73.91,9242000
6/12/2019,75.08,11598100
6/13/2019,76.07,7525100
6/14/2019,76.66,3964100
6/17/2019,76.42,3638800
6/18/2019,76.43,3410100
6/19/2019,77.17,4075200
6/20/2019,77.41,3340500
6/21/2019,78.35,8070500
6/24/2019,79.22,5455600
6/25/2019,78.70,3563300
6/26/2019,76.46,4253500
6/27/2019,76.72,3452700
6/28/2019,77.32,6014400
7/1/2019,77.05,4652300
7/2/2019,77.38,3407500
7/3/2019,78.11,2323500
7/5/2019,77.90,2535300
7/8/2019,78.16,3181700
7/9/2019,78.22,2554500
7/10/2019,78.13,3665300
7/11/2019,77.91,2750200
7/12/2019,77.50,3009700
7/15/2019,78.09,2695700
7/16/2019,77.48,2599000
7/17/2019,77.37,3254700
7/18/2019,77.42,3089500
7/19/2019,76.85,3115000
7/22/2019,76.26,2956500
7/23/2019,75.43,3175600
7/24/2019,75.18,3101900
7/25/2019,74.86,3417200
7/26/2019,75.15,3076500
7/29/2019,75.05,2818300
7/30/2019,75.03,4195300
7/31/2019,74.29,6681100
8/1/2019,75.91,5513800
8/2/2019,76.02,4318900
8/5/2019,74.67,4972400
8/6/2019,75.22,7842100
8/7/2019,74.43,4843300
8/8/2019,75.33,4467900
8/9/2019,74.84,4607100
8/12/2019,74.37,3925900
8/13/2019,75.38,3436400
8/14/2019,75.33,7296300
8/15/2019,77.05,4899000
8/16/2019,76.86,3594300
8/19/2019,77.79,3665600
8/20/2019,76.91,3206700
8/21/2019,76.99,3300300
8/22/2019,76.52,3569300
8/23/2019,75.94,3525200
8/26/2019,76.82,1731700
8/27/2019,77.15,3499700
8/28/2019,76.89,2133900
8/29/2019,77.76,3071700
8/30/2019,77.63,3623600
9/3/2019,78.80,3118400
9/4/2019,79.15,2718000
9/5/2019,77.43,3943100
9/6/2019,76.37,3740300
9/9/2019,76.67,3848800
9/10/2019,77.01,3233300
9/11/2019,78.43,4484300
9/12/2019,78.54,3063900
9/13/2019,78.52,3669200
9/16/2019,78.49,2517600
9/17/2019,79.03,3281200
9/18/2019,80.06,4502700
9/19/2019,80.92,3032700
9/20/2019,80.84,8128700
9/23/2019,80.85,3247600
9/24/2019,80.84,4284000
9/25/2019,80.39,3663700
9/26/2019,80.76,2497400
9/27/2019,80.99,2793900
9/30/2019,81.04,2711100
10/1/2019,81.22,3095100
10/2/2019,79.97,3561500
10/3/2019,79.62,4008200
10/4/2019,81.70,4538100
10/7/2019,81.18,2731700
10/8/2019,80.72,2742700
10/9/2019,81.34,2764000
10/10/2019,81.78,3258100
10/11/2019,81.90,3088600
10/14/2019,81.24,3246500
10/15/2019,81.38,2383600
10/16/2019,81.80,2585200
10/17/2019,82.38,2369600
10/18/2019,82.16,3210300
10/21/2019,82.42,2087900
10/22/2019,82.82,2570700
10/23/2019,82.72,2685100
10/24/2019,82.72,2265700
10/25/2019,81.89,2697800
10/28/2019,81.33,2224900
10/29/2019,81.74,2544600
10/30/2019,81.81,2382500
10/31/2019,82.55,2424100
11/1/2019,83.27,3169600
11/4/2019,83.05,2936900
11/5/2019,81.35,3525800
11/6/2019,80.94,3984200
11/7/2019,80.31,3592400
11/8/2019,80.28,3361100
11/11/2019,79.62,2311600
11/12/2019,79.72,2170100
11/13/2019,80.84,1950400
11/14/2019,81.56,3297000
11/15/2019,82.11,2859500
11/18/2019,82.58,3707900
11/19/2019,82.42,2383300
11/20/2019,82.90,2722500
11/21/2019,83.02,2555400
11/22/2019,83.24,2383900
11/25/2019,83.23,2687700
11/26/2019,83.46,4119600
11/27/2019,83.08,2145800
11/29/2019,83.11,1872600
12/2/2019,82.00,3602900
12/3/2019,81.94,4842700
12/4/2019,82.25,4844400
12/5/2019,81.19,3606700
12/6/2019,81.00,3275600
12/9/2019,79.92,4341700
12/10/2019,80.09,3081500
12/11/2019,80.90,3455200
12/12/2019,80.69,3370800
12/13/2019,80.88,3413400
12/16/2019,81.64,3767000
12/17/2019,81.56,3863500
12/18/2019,81.45,4609800
12/19/2019,81.80,3947500
12/20/2019,82.32,7757300
12/23/2019,81.43,3486000
12/24/2019,81.36,1027700
12/26/2019,81.46,1481200
12/27/2019,82.00,1989300
12/30/2019,82.08,1845300
12/31/2019,82.82,2856600
1/2/2020,81.96,3004200
1/3/2020,81.76,2840700
1/6/2020,82.39,2164400
1/7/2020,82.21,2555100
1/8/2020,81.69,2591100
1/9/2020,81.92,2206500
1/10/2020,82.07,2420200
1/13/2020,82.05,1726600
1/14/2020,81.95,2872000
1/15/2020,82.99,2749400
1/16/2020,83.51,2657700
1/17/2020,84.05,3610800
1/21/2020,84.03,4520000
1/22/2020,83.69,2279400
1/23/2020,84.07,2270900
1/24/2020,84.00,2640800
1/27/2020,83.32,2226000
1/28/2020,84.52,2718800
1/29/2020,85.39,2973100
1/30/2020,86.48,3380500
1/31/2020,85.75,3968300
2/3/2020,85.84,2030800
2/4/2020,84.56,3025800
2/5/2020,84.92,2604600
2/6/2020,85.27,1594300
2/7/2020,84.81,2276700
2/10/2020,84.59,2329800
2/11/2020,85.22,3759800
2/12/2020,85.78,3463800
2/13/2020,86.24,3571400
2/14/2020,87.46,2881300
2/18/2020,88.98,3419500
2/19/2020,87.84,2665800
2/20/2020,89.25,3034800
2/21/2020,89.38,3126400
2/24/2020,89.80,4665600
2/25/2020,87.79,3879900
2/26/2020,86.77,3902100
2/27/2020,81.28,4549200
2/28/2020,78.18,8247000
3/2/2020,84.18,5612300
3/3/2020,83.38,5624500
3/4/2020,89.03,4571600
3/5/2020,87.17,3880800
3/6/2020,86.70,4520400
3/9/2020,81.33,6171300
3/10/2020,83.22,4869600
3/11/2020,78.95,4258300
3/12/2020,71.31,6777600
3/13/2020,78.29,7362700
3/16/2020,68.65,6506700
3/17/2020,80.48,8190800
3/18/2020,80.26,6562700
3/19/2020,71.85,7855600
3/20/2020,67.22,9964200
3/23/2020,59.39,8042700
3/24/2020,65.67,6514400
3/25/2020,67.34,4987600
3/26/2020,72.44,4741300
3/27/2020,73.07,4217000
3/30/2020,76.81,5701400
3/31/2020,72.19,4531400
4/1/2020,69.93,4381200
4/2/2020,71.06,3533000
4/3/2020,69.55,3388500
4/6/2020,74.11,5060900
4/7/2020,73.44,4259300
4/8/2020,78.22,3891800
4/9/2020,81.59,5479200
4/13/2020,79.53,2740600
4/14/2020,82.02,3390800
4/15/2020,79.79,2972700
4/16/2020,78.07,3623700
4/17/2020,81.51,2828400
4/20/2020,79.11,3369200
4/21/2020,76.61,2962100
4/22/2020,78.74,2892700
4/23/2020,76.91,2532000
4/24/2020,77.92,2410900
4/27/2020,78.52,2412300
4/28/2020,79.27,2567700
4/29/2020,78.67,2737000
4/30/2020,77.13,3145000
5/1/2020,75.61,2679700
5/4/2020,75.80,2234400
5/5/2020,77.94,3862600
5/6/2020,77.73,5276300
5/7/2020,78.10,4363700
5/8/2020,78.40,3236800
5/11/2020,79.24,2791000
5/12/2020,78.95,4554600
5/13/2020,79.01,4172800
5/14/2020,79.63,4005900
5/15/2020,78.22,8694600
5/18/2020,79.85,3394200
5/19/2020,78.83,2743100
5/20/2020,78.75,2115200
5/21/2020,78.60,2387200
5/22/2020,80.51,2977600
5/26/2020,80.82,4157600
5/27/2020,81.56,3575500
5/28/2020,83.70,3402500
5/29/2020,85.01,5577800
6/1/2020,85.89,3799900
6/2/2020,86.23,3407600
6/3/2020,86.48,3229300
6/4/2020,84.96,3960700
6/5/2020,84.29,4573900
6/8/2020,86.40,3138600
6/9/2020,85.85,2526300
6/10/2020,87.00,4694000
6/11/2020,84.01,6670500
6/12/2020,83.15,5337100
6/15/2020,84.05,5261100
6/16/2020,84.92,4685200
6/17/2020,84.15,2527000
6/18/2020,84.53,3255700
6/19/2020,81.72,10713700
6/22/2020,83.25,3036300
6/23/2020,82.80,4537700
6/24/2020,82.58,5071200
6/25/2020,81.14,3180600
6/26/2020,79.68,4495800
6/29/2020,80.61,2346300
6/30/2020,81.18,3627600
7/1/2020,82.35,2989200
7/2/2020,82.69,1552500
7/6/2020,73.59,26851600
7/7/2020,74.22,12917200
7/8/2020,75.22,6569000
7/9/2020,73.77,6023500
7/10/2020,73.58,4969200
7/13/2020,73.68,5048300
7/14/2020,73.92,4871600
7/15/2020,75.45,5791900
7/16/2020,76.95,4807300
7/17/2020,78.58,4768700
7/20/2020,77.55,3298600
7/21/2020,78.21,3241200
7/22/2020,79.55,4793700
7/23/2020,80.59,4838400
7/24/2020,80.41,4312000
7/27/2020,80.22,2603800
7/28/2020,82.06,4532000
7/29/2020,82.26,2950000
7/30/2020,81.52,3604700
7/31/2020,81.03,4843100
8/3/2020,80.33,2355500
8/4/2020,80.88,3081600
8/5/2020,79.71,3142400
8/6/2020,79.63,2720300
8/7/2020,80.62,3476800
8/10/2020,80.12,3188900
8/11/2020,78.56,3951800
8/12/2020,79.58,3920300
8/13/2020,79.31,2657600
8/14/2020,78.85,2067200
8/17/2020,78.68,2749000
8/18/2020,78.18,3421000
8/19/2020,77.94,2561300
8/20/2020,77.70,2433500
8/21/2020,78.64,3813700
8/24/2020,79.10,2074000
8/25/2020,78.50,2535200
8/26/2020,78.08,2708500
8/27/2020,78.00,3339500
8/28/2020,78.02,2992400
8/31/2020,78.44,4476800
9/1/2020,77.82,3361200
9/2/2020,79.60,3845800
9/3/2020,78.99,4559300
9/4/2020,78.44,3311900
9/8/2020,78.20,3142700
9/9/2020,79.64,5016400
9/10/2020,78.73,3734500
9/11/2020,79.64,3816200
9/14/2020,80.73,3437400
9/15/2020,80.90,3948000
9/16/2020,81.60,3805300
9/17/2020,79.82,5056400
9/18/2020,77.96,6489000
9/21/2020,77.97,6087500
9/22/2020,77.50,4742500
9/23/2020,76.27,5437400
9/24/2020,76.31,3249600
9/25/2020,77.05,2749200
9/28/2020,77.23,3076800
9/29/2020,77.88,3523900
9/30/2020,78.93,3685200
10/1/2020,78.59,4894700
10/2/2020,79.80,3511800
10/5/2020,80.09,2924500
10/6/2020,81.11,3623800
10/7/2020,81.02,2147000
10/8/2020,82.06,3108300
10/9/2020,81.78,2687500
10/12/2020,82.42,2305400
10/13/2020,81.57,3972800
10/14/2020,81.05,1975500
10/15/2020,80.81,2988900
10/16/2020,81.41,3290700
10/19/2020,80.90,2594000
10/20/2020,81.08,3200900
10/21/2020,80.23,3423900
10/22/2020,81.18,2142300
10/23/2020,81.14,2386500
10/26/2020,81.72,4064300
10/27/2020,82.47,4153500
10/28/2020,79.80,3385700
10/29/2020,80.95,5310300
10/30/2020,80.34,3503500
11/2/2020,81.66,3372700
11/3/2020,82.91,4551300
11/4/2020,82.70,3768300
11/5/2020,83.14,4214800
11/6/2020,83.70,4053300
11/9/2020,84.02,4782800
11/10/2020,85.76,4427400
11/11/2020,85.68,2602300
11/12/2020,84.58,3587200
11/13/2020,84.93,2774700
11/16/2020,86.07,3697000
11/17/2020,84.17,3818100
11/18/2020,81.21,5083700
11/19/2020,79.76,6147900
11/20/2020,78.65,4928100
11/23/2020,79.05,5783300
11/24/2020,79.38,5260000
11/25/2020,79.41,3886600
11/27/2020,79.04,2053400
11/30/2020,78.49,8418300
12/1/2020,80.16,6360500
12/2/2020,80.28,3670000
12/3/2020,78.40,3452700
12/4/2020,75.88,6237400
12/7/2020,76.14,6291000
12/8/2020,74.75,8752100
12/9/2020,74.30,8010900
12/10/2020,74.32,6424300
12/11/2020,74.91,3893100
12/14/2020,74.47,4153900
12/15/2020,75.48,3917300
12/16/2020,75.17,4752300
12/17/2020,75.93,4450400
12/18/2020,75.37,15175400
12/21/2020,74.52,6991200
12/22/2020,73.50,6252500
12/23/2020,74.04,2757400
12/24/2020,74.23,1065000
12/28/2020,73.70,3165700
12/29/2020,73.88,3718700
12/30/2020,74.06,1929200
12/31/2020,75.20,2392500
1/4/2021,73.89,2975500
1/5/2021,73.00,3466900
1/6/2021,74.56,4112100
1/7/2021,72.96,4126600
1/8/2021,73.20,3476100
1/11/2021,72.67,2950600
1/12/2021,71.53,3801200
1/13/2021,72.24,4364100
1/14/2021,71.02,3461300
1/15/2021,72.08,3407400
1/19/2021,70.96,3670800
1/20/2021,71.58,3552000
1/21/2021,71.80,3185400
1/22/2021,72.29,4152900
1/25/2021,73.56,4057600
1/26/2021,73.64,3393600
1/27/2021,73.08,4657200
1/28/2021,72.67,3124000
1/29/2021,72.89,4330700
2/1/2021,72.68,3480100
2/2/2021,72.77,3922300
2/3/2021,72.57,3054700
